amet justo morbi ut odio,suscipit nulla elit ac nulla sed vel enim,1207
facilisi cras non velit nec,augue quam sollicitudin vitae consectetuer eget rutrum,1340
ultrices enim lorem,tempus semper est quam pharetra magna ac consequat metus sapien,1618
ut erat id mauris,hac habitasse platea dictumst etiam faucibus cursus urna ut tellus,1322
nunc rhoncus dui vel,bibendum morbi non quam nec dui,103
sem praesent id,enim leo rhoncus sed vestibulum sit amet cursus id turpis,930
habitasse platea dictumst aliquam augue,convallis nulla neque libero convallis eget eleifend luctus ultricies,608
penatibus et magnis,lectus in quam fringilla rhoncus,168
ac consequat metus sapien,duis faucibus accumsan odio curabitur,1309
nibh in quis,ultrices enim lorem ipsum dolor sit amet consectetuer adipiscing,650
volutpat sapien arcu,id sapien in sapien iaculis congue vivamus,459
id consequat in consequat,lorem vitae mattis nibh ligula nec,1357
vel pede morbi,phasellus id sapien in sapien iaculis,763
a nibh in,mus vivamus vestibulum sagittis sapien cum sociis,1087
eget tincidunt eget tempus vel,vulputate luctus cum sociis natoque penatibus,486
donec dapibus duis at,donec odio justo sollicitudin ut,1672
ut at dolor quis odio,luctus et ultrices posuere cubilia,1095
eget tempus vel pede,nullam porttitor lacus at turpis donec posuere metus,726
pede lobortis ligula sit amet,nunc nisl duis bibendum felis sed interdum venenatis turpis,332
pellentesque at nulla,sed magna at nunc commodo,39
magna vulputate luctus cum sociis,adipiscing elit proin risus praesent lectus vestibulum quam,527
elementum eu interdum eu tincidunt,leo odio porttitor id consequat in consequat ut nulla,53
sed magna at nunc,ipsum primis in faucibus orci luctus et ultrices,1532
arcu libero rutrum ac lobortis,ante ipsum primis in faucibus orci luctus et,1567
sed lacus morbi sem mauris,morbi vestibulum velit id pretium iaculis diam,1636
pharetra magna ac consequat,in tempus sit amet sem fusce consequat nulla nisl nunc,1464
placerat praesent blandit,ipsum primis in faucibus orci luctus,1589
eleifend luctus ultricies eu,sem mauris laoreet ut rhoncus aliquet pulvinar sed nisl nunc,1180
non velit nec,venenatis non sodales sed tincidunt eu felis fusce,1279
tristique fusce congue diam,hac habitasse platea dictumst morbi vestibulum velit id pretium iaculis,1414
et tempus semper,volutpat quam pede lobortis ligula sit,884
at nulla suspendisse potenti,semper porta volutpat quam pede lobortis ligula sit,1335
sapien non mi,at turpis a pede posuere nonummy integer non,968
at velit vivamus,nisi at nibh in hac habitasse,143
duis mattis egestas,tincidunt lacus at velit vivamus vel,443
feugiat non pretium quis,vel augue vestibulum rutrum rutrum,744
volutpat erat quisque erat eros,turpis elementum ligula vehicula consequat morbi a ipsum integer a,203
odio elementum eu interdum,mauris sit amet eros suspendisse accumsan,888
elementum eu interdum,in consequat ut nulla sed,494
eleifend donec ut dolor,habitasse platea dictumst maecenas ut massa quis augue luctus,1783
ut mauris eget massa,at vulputate vitae nisl aenean lectus pellentesque eget nunc,1623
cum sociis natoque penatibus,nunc proin at turpis a pede posuere,788
ultrices posuere cubilia curae donec,neque aenean auctor gravida sem praesent,891
nunc commodo placerat praesent blandit,congue eget semper rutrum nulla nunc purus,1058
primis in faucibus orci,vehicula consequat morbi a ipsum integer,498
sed vel enim sit,vestibulum sagittis sapien cum sociis,255
mauris eget massa tempor,pellentesque ultrices phasellus id sapien in sapien iaculis congue,1291
volutpat convallis morbi odio,consequat lectus in est risus auctor sed tristique in tempus,983
et commodo vulputate justo,consequat lectus in est risus,1264
ipsum integer a nibh in,in congue etiam justo etiam pretium iaculis justo in hac,569
posuere cubilia curae duis,bibendum morbi non quam nec dui,899
morbi odio odio elementum eu,posuere cubilia curae nulla dapibus dolor vel est donec odio,862
ut nunc vestibulum ante ipsum,viverra eget congue eget semper rutrum nulla nunc,1028
aliquam erat volutpat in congue,amet diam in magna bibendum imperdiet,706
eros suspendisse accumsan tortor,mi in porttitor pede justo eu massa donec dapibus,1091
vel est donec odio justo,venenatis turpis enim blandit mi in porttitor pede,490
orci nullam molestie,leo odio condimentum id luctus,524
in consequat ut,quis libero nullam sit amet,1627
nulla ultrices aliquet,quisque porta volutpat erat quisque erat eros,1584
sociis natoque penatibus,habitasse platea dictumst aliquam augue quam,1377
sit amet erat nulla,enim in tempor turpis nec euismod,1187
vitae consectetuer eget,risus dapibus augue vel accumsan,1188
donec diam neque,metus sapien ut nunc vestibulum ante ipsum primis in faucibus,425
odio elementum eu interdum eu,nisl nunc rhoncus dui vel sem,1319
rhoncus aliquam lacus morbi,ut mauris eget massa tempor convallis nulla neque libero,1810
odio cras mi pede,pellentesque at nulla suspendisse potenti cras,663
accumsan felis ut,quisque porta volutpat erat quisque erat eros viverra,1667
magnis dis parturient,lacus morbi sem mauris laoreet ut,91
et magnis dis parturient montes,magna ac consequat metus sapien ut nunc,1019
eget tempus vel,morbi vestibulum velit id pretium iaculis diam erat fermentum justo,1546
tellus nisi eu,eget rutrum at lorem integer tincidunt,309
turpis eget elit,penatibus et magnis dis parturient montes nascetur ridiculus,677
ac nulla sed vel enim,mauris lacinia sapien quis libero nullam,1423
ultrices posuere cubilia curae donec,placerat praesent blandit nam nulla integer pede justo lacinia eget,1065
bibendum imperdiet nullam,egestas metus aenean fermentum donec ut mauris eget massa,1663
ultrices posuere cubilia curae nulla,nullam orci pede venenatis non sodales sed tincidunt,1296
faucibus orci luctus,in sagittis dui vel nisl,289
interdum eu tincidunt,dis parturient montes nascetur ridiculus mus,1419
sed interdum venenatis turpis,nulla ut erat id mauris vulputate elementum nullam varius,70
felis sed interdum venenatis,leo maecenas pulvinar lobortis est,421
nisi eu orci mauris,tincidunt eget tempus vel pede morbi porttitor lorem,890
sem duis aliquam convallis,nisl nunc rhoncus dui vel,550
tincidunt nulla mollis molestie,ut odio cras mi pede malesuada in imperdiet et commodo,214
sollicitudin ut suscipit a feugiat,nisi eu orci mauris lacinia sapien quis libero nullam sit,1623
pede justo eu massa,eget semper rutrum nulla nunc,778
a ipsum integer a nibh,sit amet diam in magna bibendum imperdiet nullam orci,698
sit amet consectetuer adipiscing elit,ut nulla sed accumsan felis ut at,1117
fusce lacus purus aliquet at,natoque penatibus et magnis dis parturient montes nascetur ridiculus mus,433
integer non velit,iaculis justo in hac habitasse platea dictumst etiam faucibus,308
erat tortor sollicitudin mi sit,dapibus duis at velit eu est congue elementum in,1545
interdum in ante,orci pede venenatis non sodales,1668
nulla pede ullamcorper augue a,sit amet cursus id turpis integer aliquet massa id,465
mauris eget massa tempor convallis,est phasellus sit amet erat nulla tempus,1790
nulla pede ullamcorper,aliquam sit amet diam in magna bibendum imperdiet nullam orci,573
libero non mattis pulvinar,hendrerit at vulputate vitae nisl aenean lectus,1134
accumsan odio curabitur convallis duis,magna vulputate luctus cum sociis natoque penatibus et magnis,1178
proin at turpis a,primis in faucibus orci luctus et,1047
mattis nibh ligula,ante vivamus tortor duis mattis,114
erat nulla tempus vivamus,habitasse platea dictumst etiam faucibus cursus urna ut tellus nulla,342
curabitur at ipsum ac,vestibulum ante ipsum primis in faucibus orci,1124
erat vestibulum sed magna,adipiscing lorem vitae mattis nibh ligula nec sem duis,551
non interdum in ante vestibulum,risus praesent lectus vestibulum quam sapien varius ut blandit,1061
tristique tortor eu,quam pede lobortis ligula sit amet eleifend,1051
dapibus nulla suscipit,vel nisl duis ac nibh fusce lacus purus aliquet at,1378
ut erat curabitur gravida,vestibulum sed magna at nunc commodo placerat praesent,620
molestie nibh in,sed ante vivamus tortor duis mattis egestas,1648
vestibulum ante ipsum primis,arcu libero rutrum ac lobortis vel dapibus at diam,118
cras mi pede,accumsan odio curabitur convallis duis consequat dui nec nisi,404
donec quis orci eget orci,orci luctus et ultrices posuere cubilia curae nulla,1214
aenean sit amet,imperdiet sapien urna pretium nisl ut volutpat,556
odio elementum eu interdum eu,amet consectetuer adipiscing elit proin risus praesent lectus vestibulum,357
ac leo pellentesque,donec odio justo sollicitudin ut suscipit,1740
volutpat convallis morbi,id nisl venenatis lacinia aenean sit amet justo,1182
ullamcorper purus sit amet nulla,curae nulla dapibus dolor vel est donec,939
enim leo rhoncus,urna pretium nisl ut volutpat sapien arcu sed augue,855
sollicitudin ut suscipit,velit id pretium iaculis diam,246
quisque ut erat,fusce lacus purus aliquet at feugiat non pretium quis lectus,720
a libero nam dui,tempus vivamus in felis eu sapien,384
lectus aliquam sit amet,erat tortor sollicitudin mi sit amet,935
vestibulum sed magna,nunc purus phasellus in felis donec semper sapien,234
eu massa donec,dui vel sem sed sagittis nam congue risus semper,1471
ligula nec sem,convallis duis consequat dui nec,706
justo sit amet sapien,massa tempor convallis nulla neque libero convallis,1316
lectus in quam fringilla rhoncus,nunc nisl duis bibendum felis,1599
orci luctus et ultrices,purus eu magna vulputate luctus,640
libero quis orci,pretium nisl ut volutpat sapien,835
sapien placerat ante nulla justo,rutrum ac lobortis vel dapibus at diam nam,1730
etiam vel augue vestibulum rutrum,eleifend pede libero quis orci nullam molestie nibh in,339
porta volutpat quam pede lobortis,risus dapibus augue vel accumsan tellus nisi eu,1324
pharetra magna ac consequat,odio donec vitae nisi nam ultrices libero non mattis,1248
bibendum morbi non quam,nulla nunc purus phasellus in felis donec semper sapien,930
eget orci vehicula,mauris morbi non lectus aliquam sit,1113
nibh ligula nec,id turpis integer aliquet massa id,769
nulla sed accumsan felis,ac neque duis bibendum morbi non quam,1814
ut tellus nulla ut,sapien non mi integer ac neque duis bibendum morbi non,10
cras pellentesque volutpat dui maecenas,tincidunt in leo maecenas pulvinar lobortis est phasellus,14
luctus ultricies eu,enim lorem ipsum dolor sit,1279
aenean lectus pellentesque eget nunc,hendrerit at vulputate vitae nisl,1692
adipiscing elit proin interdum mauris,congue risus semper porta volutpat,1019
duis bibendum felis,lectus in est risus auctor,566
aliquet pulvinar sed nisl nunc,nulla facilisi cras non velit,835
fringilla rhoncus mauris,ligula nec sem duis aliquam convallis nunc proin,1317
amet cursus id,in magna bibendum imperdiet nullam,1257
sapien cursus vestibulum,at nulla suspendisse potenti cras in purus eu magna,1767
lectus in est,nisi nam ultrices libero non mattis pulvinar,1479
metus aenean fermentum donec ut,donec ut dolor morbi vel,381
ac nulla sed vel enim,nibh fusce lacus purus aliquet at feugiat,1548
nulla nisl nunc,in sapien iaculis congue vivamus metus arcu adipiscing molestie,1537
odio justo sollicitudin ut suscipit,in imperdiet et commodo vulputate justo in blandit ultrices enim,1105
erat eros viverra eget congue,non ligula pellentesque ultrices phasellus id,494
pellentesque at nulla suspendisse potenti,placerat ante nulla justo aliquam quis turpis eget,55
et eros vestibulum,hac habitasse platea dictumst morbi,140
ante ipsum primis in faucibus,ut erat curabitur gravida nisi at nibh in,740
magna at nunc commodo,sapien arcu sed augue aliquam erat volutpat in congue,662
risus semper porta volutpat quam,sit amet justo morbi ut odio cras mi,460
eget rutrum at lorem integer,laoreet ut rhoncus aliquet pulvinar sed nisl,1265
quisque erat eros viverra eget,lacus at turpis donec posuere metus,1653
luctus tincidunt nulla mollis,tristique in tempus sit amet sem fusce consequat nulla nisl,322
consequat ut nulla sed accumsan,nulla tellus in sagittis dui vel nisl duis,88
felis eu sapien,morbi non quam nec dui luctus rutrum,1636
dolor vel est donec odio,varius integer ac leo pellentesque ultrices mattis odio donec vitae,227
pellentesque viverra pede,erat vestibulum sed magna at nunc commodo placerat praesent blandit,563
nibh quisque id,mauris lacinia sapien quis libero nullam sit amet,778
ultrices aliquet maecenas leo,lacinia eget tincidunt eget tempus vel pede morbi porttitor lorem,300
nulla tellus in sagittis dui,in sagittis dui vel nisl,249
venenatis turpis enim blandit,vulputate ut ultrices vel augue vestibulum ante,778
at nunc commodo placerat praesent,nulla quisque arcu libero rutrum ac lobortis,745
ut dolor morbi,sit amet eleifend pede libero quis orci nullam molestie,1179
scelerisque mauris sit amet eros,nisl nunc rhoncus dui vel sem sed sagittis nam,1274
magna ac consequat metus sapien,amet diam in magna bibendum imperdiet nullam orci pede,658
tortor quis turpis sed,luctus nec molestie sed justo pellentesque,850
ante ipsum primis in faucibus,aliquam erat volutpat in congue etiam justo etiam,483
morbi sem mauris,sit amet lobortis sapien sapien non,1226
ultrices posuere cubilia curae,at nunc commodo placerat praesent,851
ut massa volutpat convallis morbi,praesent blandit nam nulla integer pede justo lacinia eget tincidunt,413
at nibh in hac,quam fringilla rhoncus mauris enim,1633
non sodales sed tincidunt,sem praesent id massa id nisl venenatis lacinia aenean sit,871
arcu sed augue,adipiscing molestie hendrerit at vulputate vitae nisl aenean,1069
luctus tincidunt nulla mollis molestie,sed accumsan felis ut at dolor,1823
vel enim sit amet,luctus et ultrices posuere cubilia,394
nisi eu orci mauris lacinia,magnis dis parturient montes nascetur ridiculus mus vivamus vestibulum,1762
metus arcu adipiscing,risus dapibus augue vel accumsan tellus nisi eu orci mauris,473
arcu sed augue aliquam,ac enim in tempor turpis nec euismod scelerisque quam,827
vivamus tortor duis,nisl duis ac nibh fusce lacus purus aliquet at feugiat,1432
sollicitudin mi sit amet lobortis,amet consectetuer adipiscing elit proin interdum mauris non ligula pellentesque,567
tortor id nulla,mauris viverra diam vitae quam suspendisse potenti nullam porttitor lacus,962
posuere nonummy integer non velit,vitae ipsum aliquam non mauris morbi,1759
nec euismod scelerisque,interdum mauris ullamcorper purus sit amet nulla quisque arcu,157
praesent id massa id,a ipsum integer a nibh in quis justo,1528
nec euismod scelerisque,ultrices libero non mattis pulvinar nulla pede ullamcorper augue,1080
faucibus accumsan odio curabitur convallis,id nisl venenatis lacinia aenean sit amet justo morbi ut,214
ipsum ac tellus semper interdum,tincidunt nulla mollis molestie lorem quisque ut,1352
sem duis aliquam,vestibulum quam sapien varius ut blandit non interdum in,671
viverra pede ac diam cras,ac enim in tempor turpis nec euismod scelerisque quam turpis,1807
est phasellus sit amet,vel sem sed sagittis nam,504
eu magna vulputate luctus cum,duis consequat dui nec nisi volutpat eleifend donec,1105
porttitor lorem id,suspendisse ornare consequat lectus in est,1049
sollicitudin vitae consectetuer eget rutrum,dolor vel est donec odio,1031
luctus et ultrices posuere cubilia,eleifend quam a odio in hac habitasse platea dictumst maecenas,309
donec diam neque,porta volutpat quam pede lobortis ligula sit amet eleifend,1551
a libero nam dui,tincidunt ante vel ipsum praesent blandit lacinia,1047
eu sapien cursus vestibulum,lobortis est phasellus sit amet erat nulla tempus vivamus,1287
accumsan tellus nisi eu orci,sapien dignissim vestibulum vestibulum ante ipsum,677
morbi non quam nec,parturient montes nascetur ridiculus mus vivamus,1376
blandit nam nulla integer pede,potenti cras in purus eu magna vulputate luctus,1115
luctus cum sociis natoque,nec nisi vulputate nonummy maecenas tincidunt lacus at velit vivamus,359
enim lorem ipsum dolor sit,cursus vestibulum proin eu mi,1666
turpis integer aliquet massa,tristique fusce congue diam id ornare,1577
condimentum neque sapien placerat,gravida nisi at nibh in hac habitasse,98
sit amet nunc,sapien in sapien iaculis congue,1601
in lacus curabitur at ipsum,ultrices phasellus id sapien in sapien iaculis congue vivamus metus,205
vestibulum sagittis sapien cum,erat fermentum justo nec condimentum neque sapien placerat,1158
hac habitasse platea dictumst,vel sem sed sagittis nam congue risus,64
in congue etiam justo etiam,nisi venenatis tristique fusce congue diam id,695
augue luctus tincidunt nulla,rutrum nulla nunc purus phasellus in felis donec semper,1701
luctus et ultrices posuere cubilia,potenti in eleifend quam a odio in hac habitasse,161
ut erat curabitur gravida nisi,odio odio elementum eu interdum eu tincidunt in,954
interdum eu tincidunt in leo,condimentum neque sapien placerat ante nulla,1341
nulla eget eros,ornare imperdiet sapien urna pretium nisl ut volutpat sapien arcu,898
pede posuere nonummy integer non,vivamus in felis eu sapien cursus,1416
vestibulum velit id pretium iaculis,quis augue luctus tincidunt nulla mollis molestie lorem,909
condimentum neque sapien placerat ante,quisque erat eros viverra eget,966
vestibulum proin eu,orci mauris lacinia sapien quis libero,1825
mattis nibh ligula nec sem,velit nec nisi vulputate nonummy maecenas,685
vestibulum sed magna,luctus et ultrices posuere cubilia curae nulla dapibus dolor vel,1234
vestibulum vestibulum ante ipsum primis,eu magna vulputate luctus cum sociis,1212
ante nulla justo aliquam quis,sollicitudin vitae consectetuer eget rutrum at lorem integer tincidunt ante,1543
magna vestibulum aliquet,non mattis pulvinar nulla pede ullamcorper augue,1681
integer a nibh in,nec molestie sed justo pellentesque viverra pede ac diam,1080
in lacus curabitur at ipsum,morbi a ipsum integer a nibh in quis justo maecenas,62
quis orci eget orci,enim blandit mi in porttitor pede justo eu massa donec,248
duis consequat dui nec,orci luctus et ultrices posuere cubilia curae mauris,1016
potenti nullam porttitor lacus at,risus praesent lectus vestibulum quam sapien varius ut,976
tristique est et,luctus et ultrices posuere cubilia curae nulla dapibus dolor,469
maecenas ut massa quis,sit amet consectetuer adipiscing elit proin risus,1746
venenatis lacinia aenean,tristique fusce congue diam id ornare imperdiet sapien urna,1076
porttitor pede justo eu,nisl ut volutpat sapien arcu sed augue,863
odio donec vitae,consectetuer adipiscing elit proin interdum mauris non ligula pellentesque ultrices,1003
at nibh in,accumsan tortor quis turpis sed ante vivamus tortor duis mattis,434
fusce lacus purus aliquet,volutpat erat quisque erat eros,1482
lacinia aenean sit amet,rutrum nulla tellus in sagittis dui vel nisl duis,1758
suscipit nulla elit,convallis nulla neque libero convallis eget eleifend,919
justo pellentesque viverra pede ac,sapien cursus vestibulum proin eu mi nulla ac,1126
ut mauris eget,feugiat non pretium quis lectus suspendisse potenti in,822
libero nullam sit amet,at lorem integer tincidunt ante vel ipsum praesent blandit,1538
condimentum id luctus nec,non velit donec diam neque vestibulum eget vulputate,290
libero nam dui,eget rutrum at lorem integer tincidunt ante vel,1806
enim in tempor,augue vel accumsan tellus nisi eu orci mauris lacinia,800
risus praesent lectus vestibulum,mauris enim leo rhoncus sed vestibulum sit amet,1290
massa donec dapibus duis,sed accumsan felis ut at,874
parturient montes nascetur,non ligula pellentesque ultrices phasellus,1411
ultricies eu nibh quisque,lectus aliquam sit amet diam in magna bibendum imperdiet,1289
at nunc commodo placerat praesent,posuere cubilia curae duis faucibus accumsan odio curabitur convallis duis,933
nulla suscipit ligula in,pede morbi porttitor lorem id ligula suspendisse ornare,41
turpis eget elit sodales,aenean fermentum donec ut mauris eget massa tempor,1749
risus semper porta,bibendum imperdiet nullam orci pede venenatis non sodales,1140
duis mattis egestas metus,massa volutpat convallis morbi odio odio elementum eu interdum eu,399
justo etiam pretium iaculis justo,est congue elementum in hac habitasse,807
molestie hendrerit at vulputate,praesent id massa id nisl venenatis lacinia aenean,830
enim sit amet,eget tempus vel pede morbi porttitor lorem,1609
erat tortor sollicitudin,diam neque vestibulum eget vulputate ut ultrices vel,1576
nec nisi volutpat eleifend donec,dapibus augue vel accumsan tellus nisi eu orci mauris,372
vulputate luctus cum sociis,vulputate ut ultrices vel augue vestibulum ante ipsum,155
at feugiat non pretium,mauris morbi non lectus aliquam,760
lectus suspendisse potenti,non quam nec dui luctus rutrum nulla tellus in sagittis,1348
sem duis aliquam convallis,ut massa quis augue luctus tincidunt nulla mollis molestie,311
posuere nonummy integer non velit,morbi odio odio elementum eu interdum eu tincidunt in,487
libero nam dui,amet nulla quisque arcu libero rutrum ac lobortis,1025
ac neque duis,condimentum curabitur in libero ut massa volutpat,1639
dui maecenas tristique,velit donec diam neque vestibulum eget,790
habitasse platea dictumst,augue vestibulum ante ipsum primis in faucibus orci luctus et,592
quam nec dui,non mi integer ac neque,1072
dapibus augue vel,rhoncus aliquam lacus morbi quis,867
sed tincidunt eu,quam sapien varius ut blandit non interdum in ante,1335
cubilia curae duis,consequat lectus in est risus auctor sed tristique,1588
donec quis orci,platea dictumst maecenas ut massa,1002
semper sapien a,ut volutpat sapien arcu sed augue aliquam erat volutpat,257
quis orci nullam molestie nibh,tortor sollicitudin mi sit amet,489
volutpat dui maecenas tristique est,varius ut blandit non interdum in ante vestibulum ante,992
sapien cursus vestibulum proin eu,tortor id nulla ultrices aliquet maecenas leo,555
diam in magna bibendum imperdiet,rhoncus dui vel sem sed sagittis nam,108
libero nam dui proin leo,nulla neque libero convallis eget eleifend luctus,1561
in imperdiet et commodo vulputate,platea dictumst etiam faucibus cursus,447
pellentesque quisque porta volutpat,sed magna at nunc commodo placerat praesent blandit nam,1655
sit amet lobortis sapien,neque duis bibendum morbi non quam nec dui,1649
sed vestibulum sit amet,nunc vestibulum ante ipsum primis,993
vivamus tortor duis mattis egestas,sit amet lobortis sapien sapien non mi integer ac neque,196
proin eu mi nulla ac,non velit nec nisi vulputate,1324
lacinia nisi venenatis tristique fusce,rutrum neque aenean auctor gravida sem praesent id,1593
aenean auctor gravida sem,accumsan odio curabitur convallis duis consequat dui,1360
neque vestibulum eget vulputate ut,sodales scelerisque mauris sit amet eros suspendisse accumsan tortor quis,1025
metus arcu adipiscing molestie,justo aliquam quis turpis eget elit sodales scelerisque mauris sit,807
morbi quis tortor,pellentesque viverra pede ac diam cras pellentesque volutpat dui maecenas,1426
ac leo pellentesque,non sodales sed tincidunt eu felis,689
ornare imperdiet sapien urna pretium,diam vitae quam suspendisse potenti,84
tortor quis turpis sed ante,magna vestibulum aliquet ultrices erat tortor,1720
est et tempus semper,praesent blandit nam nulla integer,450
dui vel sem sed sagittis,risus praesent lectus vestibulum quam sapien,955
ipsum praesent blandit lacinia erat,non ligula pellentesque ultrices phasellus,1243
nulla integer pede,posuere felis sed lacus morbi,1300
consectetuer adipiscing elit proin,ligula sit amet eleifend pede,188
suspendisse accumsan tortor quis,et ultrices posuere cubilia curae nulla dapibus,487
molestie lorem quisque ut,aliquet pulvinar sed nisl nunc rhoncus dui vel sem,1080
pede lobortis ligula sit amet,dui maecenas tristique est et tempus semper est quam,487
phasellus in felis,elementum nullam varius nulla facilisi cras,1241
ut ultrices vel augue vestibulum,ac enim in tempor turpis nec,1
bibendum imperdiet nullam orci pede,diam vitae quam suspendisse potenti nullam porttitor lacus at,1164
primis in faucibus orci,diam in magna bibendum imperdiet,1752
maecenas ut massa quis,integer a nibh in quis justo maecenas rhoncus,167
eu sapien cursus vestibulum proin,nunc purus phasellus in felis donec semper,1806
libero ut massa volutpat convallis,libero quis orci nullam molestie nibh,1522
sagittis sapien cum sociis,morbi ut odio cras mi,1503
pulvinar nulla pede ullamcorper augue,nullam sit amet turpis elementum ligula vehicula consequat,1162
vivamus tortor duis,mus vivamus vestibulum sagittis sapien cum sociis natoque penatibus et,264
odio donec vitae nisi nam,rhoncus sed vestibulum sit amet cursus id,1032
morbi odio odio elementum eu,lobortis est phasellus sit amet erat nulla tempus vivamus in,566
auctor gravida sem praesent id,ipsum aliquam non mauris morbi non lectus aliquam sit amet,583
sit amet erat,faucibus orci luctus et ultrices,241
vulputate luctus cum sociis natoque,mauris non ligula pellentesque ultrices,1079
fermentum justo nec condimentum neque,montes nascetur ridiculus mus vivamus vestibulum,1616
pretium iaculis diam erat,orci luctus et ultrices posuere cubilia curae donec pharetra,1523
volutpat in congue etiam justo,in faucibus orci luctus et ultrices,1277
at lorem integer,sem praesent id massa id nisl venenatis lacinia aenean,546
curabitur convallis duis,velit id pretium iaculis diam erat fermentum justo nec condimentum,1827
a odio in hac habitasse,nec euismod scelerisque quam turpis adipiscing,1115
donec semper sapien a libero,eget massa tempor convallis nulla neque libero convallis,53
at nibh in,eu tincidunt in leo maecenas pulvinar lobortis est phasellus,379
in tempus sit amet sem,vel augue vestibulum rutrum rutrum neque aenean auctor,563
morbi porttitor lorem id ligula,sapien non mi integer ac neque duis bibendum,900
ante vestibulum ante ipsum primis,consequat metus sapien ut nunc vestibulum ante,1549
ligula nec sem duis aliquam,nec molestie sed justo pellentesque viverra,1819
primis in faucibus orci luctus,tristique fusce congue diam id ornare,1541
aliquet massa id lobortis convallis,potenti cras in purus eu magna vulputate,977
elit proin risus,cras non velit nec nisi,180
semper est quam pharetra magna,tincidunt eu felis fusce posuere felis sed lacus,1514
morbi non quam,libero quis orci nullam molestie nibh in,1194
justo sollicitudin ut suscipit a,sit amet eros suspendisse accumsan tortor quis turpis,1056
eget vulputate ut,neque sapien placerat ante nulla justo aliquam quis,1668
cras mi pede,eget massa tempor convallis nulla,470
porttitor pede justo eu massa,donec dapibus duis at velit eu,848
hac habitasse platea dictumst,est quam pharetra magna ac consequat metus sapien,694
quam nec dui,dignissim vestibulum vestibulum ante ipsum primis in faucibus,506
amet sapien dignissim vestibulum,amet consectetuer adipiscing elit proin,844
ac diam cras,duis bibendum morbi non quam nec dui luctus rutrum nulla,972
vel sem sed,eros vestibulum ac est lacinia nisi venenatis tristique fusce,76
dolor morbi vel lectus in,a nibh in quis justo maecenas rhoncus aliquam,1098
phasellus id sapien in sapien,mauris non ligula pellentesque ultrices phasellus id sapien in sapien,931
ipsum ac tellus semper interdum,vestibulum vestibulum ante ipsum primis in faucibus orci luctus,1214
lacus morbi sem,nulla tempus vivamus in felis eu sapien cursus,1436
congue diam id ornare,nulla ac enim in tempor,1009
consequat lectus in est,ut at dolor quis odio consequat varius,802
nibh fusce lacus purus,aliquam quis turpis eget elit sodales scelerisque mauris sit,1259
quisque id justo,sed tristique in tempus sit amet sem fusce,1107
penatibus et magnis dis,vel pede morbi porttitor lorem id ligula suspendisse ornare,883
eget eros elementum pellentesque quisque,nullam orci pede venenatis non sodales,1267
mattis egestas metus aenean fermentum,in hac habitasse platea dictumst morbi vestibulum velit,1598
magna vestibulum aliquet ultrices erat,cubilia curae nulla dapibus dolor vel est donec odio,207
tellus nisi eu,tristique fusce congue diam id,875
neque sapien placerat,augue a suscipit nulla elit ac nulla sed vel enim,1144
at nibh in hac habitasse,justo sit amet sapien dignissim vestibulum vestibulum ante ipsum,1108
tincidunt eu felis fusce,ipsum ac tellus semper interdum mauris ullamcorper purus sit amet,368
et ultrices posuere,malesuada in imperdiet et commodo vulputate justo in blandit ultrices,1309
luctus ultricies eu nibh quisque,augue luctus tincidunt nulla mollis,1682
nullam orci pede,nec nisi vulputate nonummy maecenas tincidunt lacus at velit,987
consequat dui nec,convallis nulla neque libero convallis eget eleifend luctus ultricies,718
ante ipsum primis,ligula nec sem duis aliquam convallis,972
congue risus semper porta volutpat,in lacus curabitur at ipsum ac tellus semper interdum,659
faucibus orci luctus,montes nascetur ridiculus mus vivamus vestibulum,1232
elementum nullam varius nulla,volutpat quam pede lobortis ligula,132
sed lacus morbi sem,sapien a libero nam dui proin leo odio porttitor,18
augue luctus tincidunt nulla mollis,sed justo pellentesque viverra pede ac diam cras pellentesque,1659
ante vestibulum ante ipsum,orci luctus et ultrices posuere cubilia curae duis,1798
etiam faucibus cursus urna ut,luctus et ultrices posuere cubilia,1746
rutrum rutrum neque aenean auctor,semper interdum mauris ullamcorper purus sit amet nulla quisque arcu,1251
non lectus aliquam,cubilia curae mauris viverra diam vitae quam suspendisse potenti nullam,310
eu nibh quisque id,in libero ut massa volutpat convallis,735
in imperdiet et commodo,vel lectus in quam fringilla,1370
mi in porttitor pede,curae duis faucibus accumsan odio,406
tristique in tempus sit amet,mollis molestie lorem quisque ut,718
ut massa quis augue,venenatis turpis enim blandit mi in porttitor pede,820
non velit nec nisi vulputate,hac habitasse platea dictumst etiam,1431
massa volutpat convallis,in hac habitasse platea dictumst morbi vestibulum velit id pretium,799
eget eros elementum pellentesque quisque,habitasse platea dictumst aliquam augue quam,1395
proin risus praesent,sed justo pellentesque viverra pede ac diam cras pellentesque,1161
nisl duis bibendum,curae duis faucibus accumsan odio curabitur,677
nulla mollis molestie,sit amet justo morbi ut odio,1192
habitasse platea dictumst morbi vestibulum,vivamus in felis eu sapien cursus vestibulum proin eu mi,531
maecenas pulvinar lobortis est phasellus,et ultrices posuere cubilia curae duis,1829
lectus vestibulum quam sapien,elit proin risus praesent lectus vestibulum,774
porttitor pede justo eu massa,nam nulla integer pede justo,1540
amet diam in,venenatis turpis enim blandit mi in porttitor,1193
nibh in lectus,a feugiat et eros vestibulum ac est lacinia nisi,111
sollicitudin mi sit amet lobortis,tempor convallis nulla neque libero convallis eget,582
tortor duis mattis,integer aliquet massa id lobortis convallis tortor risus dapibus,104
donec diam neque vestibulum,curae duis faucibus accumsan odio curabitur,1355
primis in faucibus,ultrices posuere cubilia curae mauris viverra,301
libero nullam sit,ornare consequat lectus in est risus auctor sed tristique in,1663
ipsum integer a nibh in,libero rutrum ac lobortis vel dapibus,679
iaculis congue vivamus metus arcu,pede ullamcorper augue a suscipit,960
condimentum curabitur in libero ut,a nibh in quis justo maecenas rhoncus aliquam lacus,818
